"1","Refined Soft Shirt","The beautiful range of Apple Naturalé that has an exciting mix of natural ingredients. With the Goodness of 100% Natural Ingredients","1944","GP","559","Drama","Lebanon","1"
"2","Intelligent Plastic Ball","Andy shoes are designed to keeping in mind durability as well as trends, the most stylish range of shoes & sandals","1942","12","176","Horror,Documentary","Togo","21"
"3","Licensed Steel Ball","Carbonite web goalkeeper gloves are ergonomically designed to give easy fit","1928","R16","234","Mystery,Thriller,Horror","Cambodia","8"
"4","Modern Concrete Car","New ABC 13 9370, 13.3, 5th Gen CoreA5-8250U, 8GB RAM, 256GB SSD, power UHD Graphics, OS 10 Home, OS Office A & J 2016","1913","18","473","Sci-Fi,Documentary","Togo","36"
"5","Luxurious Bronze Chips","The Nagasaki Lander is the trademarked name of several series of Nagasaki sport bikes, that started with the 1984 ABC800J","2003","R18+","355","Documentary,Thriller","Bangladesh","2"
"6","Awesome Bronze Soap","New ABC 13 9370, 13.3, 5th Gen CoreA5-8250U, 8GB RAM, 256GB SSD, power UHD Graphics, OS 10 Home, OS Office A & J 2016","1986","6","441","Mystery,Adventure","Kazakhstan","43"
"7","Intelligent Frozen Bike","The Nagasaki Lander is the trademarked name of several series of Nagasaki sport bikes, that started with the 1984 ABC800J","2016","R18+","25","Action","Myanmar","48"
"8","Licensed Granite Gloves","The beautiful range of Apple Naturalé that has an exciting mix of natural ingredients. With the Goodness of 100% Natural Ingredients","1997","15","304","Adventure","Zambia","18"
"9","Unbranded Rubber Shirt","New ABC 13 9370, 13.3, 5th Gen CoreA5-8250U, 8GB RAM, 256GB SSD, power UHD Graphics, OS 10 Home, OS Office A & J 2016","1990","MA15+","231","Sci-Fi","Macao","4"
"10","Electronic Wooden Hat","Carbonite web goalkeeper gloves are ergonomically designed to give easy fit","2015","E","63","Thriller,Mystery","Jordan","33"
"11","Tasty Plastic Mouse","The beautiful range of Apple Naturalé that has an exciting mix of natural ingredients. With the Goodness of 100% Natural Ingredients","1988","12","17","Action,Sci-Fi","Italy","20"
"12","Elegant Metal Pants","Boston's most advanced compression wear technology increases muscle oxygenation, stabilizes active muscles","1940","M","353","Horror,Comedy,Documentary","Congo","28"
"13","Handmade Frozen Hat","The Apollotech B340 is an affordable wireless mouse with reliable connectivity, 12 months battery life and modern design","1936","GP","7","Thriller,Drama,Documentary","Netherlands","6"
"14","Rustic Granite Chair","Carbonite web goalkeeper gloves are ergonomically designed to give easy fit","1935","U","84","Mystery,Adventure","Afghanistan","43"
"15","Practical Wooden Computer","New range of formal shirts are designed keeping you in mind. With fits and styling that will make you stand apart","1907","18","122","Mystery,Comedy,Action","Djibouti","31"
"16","Unbranded Fresh Pizza","Ergonomic executive chair upholstered in bonded black leather and PVC padded seat and back for all-day comfort and support","1996","AL","52","Documentary,Mystery","South Sudan","39"
"17","Awesome Metal Computer","Boston's most advanced compression wear technology increases muscle oxygenation, stabilizes active muscles","2010","G","2","Adventure","South Africa","44"
"18","Handcrafted Bronze Bike","The Football Is Good For Training And Recreational Purposes","1907","15","315","Drama,Documentary,Sci-Fi","Lebanon","8"
"19","Handcrafted Wooden Car","New ABC 13 9370, 13.3, 5th Gen CoreA5-8250U, 8GB RAM, 256GB SSD, power UHD Graphics, OS 10 Home, OS Office A & J 2016","2010","M","532","Action,Horror","Monaco","22"
"20","Gorgeous Plastic Soap","The Football Is Good For Training And Recreational Purposes","1942","R21","153","Comedy","Jordan","28"
"21","Luxurious Bronze Shoes","Boston's most advanced compression wear technology increases muscle oxygenation, stabilizes active muscles","1939","TV-PG","526","Drama,Documentary","Malaysia","30"
"22","Fantastic Fresh Tuna","Boston's most advanced compression wear technology increases muscle oxygenation, stabilizes active muscles","1961","9","600","Thriller","Portugal","5"
"23","Awesome Plastic Chicken","The Football Is Good For Training And Recreational Purposes","1914","MA15+","351","Thriller,Horror","Republic of Korea","21"
"24","Recycled Concrete Car","The automobile layout consists of a front-engine design, with transaxle-type transmissions mounted at the rear of the engine and four wheel drive","1982","CA","384","Drama,Action","Rwanda","47"
"25","Unbranded Cotton Gloves","Ergonomic executive chair upholstered in bonded black leather and PVC padded seat and back for all-day comfort and support","1963","18","319","Horror,Comedy","Poland","18"
"26","Elegant Bronze Car","The Apollotech B340 is an affordable wireless mouse with reliable connectivity, 12 months battery life and modern design","1997","9","472","Mystery,Sci-Fi,Drama","Lithuania","44"
"27","Unbranded Plastic Pizza","Carbonite web goalkeeper gloves are ergonomically designed to give easy fit","2009","GP","359","Thriller,Adventure","Iran","13"
"28","Awesome Rubber Computer","The Nagasaki Lander is the trademarked name of several series of Nagasaki sport bikes, that started with the 1984 ABC800J","1904","NC-17","279","Thriller,Documentary,Drama","Seychelles","47"
"29","Fantastic Metal Hat","The Nagasaki Lander is the trademarked name of several series of Nagasaki sport bikes, that started with the 1984 ABC800J","1948","12A","511","Adventure,Sci-Fi,Drama","French Guiana","2"
"30","Licensed Steel Towels","New range of formal shirts are designed keeping you in mind. With fits and styling that will make you stand apart","1916","T","20","Comedy,Sci-Fi,Adventure","Ecuador","37"
"31","Incredible Steel Table","The Football Is Good For Training And Recreational Purposes","1997","U","442","Documentary,Sci-Fi,Drama","Togo","48"
"32","Handcrafted Plastic Pizza","The Nagasaki Lander is the trademarked name of several series of Nagasaki sport bikes, that started with the 1984 ABC800J","1906","GP","124","Mystery,Thriller,Adventure","Faroe Islands","12"
"33","Handcrafted Frozen Pants","The Nagasaki Lander is the trademarked name of several series of Nagasaki sport bikes, that started with the 1984 ABC800J","1934","6","508","Documentary,Adventure","New Caledonia","36"
"34","Elegant Granite Computer","New range of formal shirts are designed keeping you in mind. With fits and styling that will make you stand apart","2006","GP","255","Thriller,Drama","United Kingdom","6"
"35","Recycled Steel Computer","The Football Is Good For Training And Recreational Purposes","1975","M","360","Drama,Sci-Fi","Malta","44"
"36","Recycled Bronze Shirt","The slim & simple Maple Gaming Keyboard from Dev Byte comes with a sleek body and 7- Color RGB LED Back-lighting for smart functionality","1900","TV-Y7","208","Adventure,Comedy,Thriller","Ireland","8"
"37","Elegant Wooden Bacon","Carbonite web goalkeeper gloves are ergonomically designed to give easy fit","1991","R21","78","Thriller,Mystery,Sci-Fi","South Africa","37"
"38","Sleek Wooden Bacon","Ergonomic executive chair upholstered in bonded black leather and PVC padded seat and back for all-day comfort and support","1902","TV-MA","180","Thriller,Drama","Uruguay","20"
"39","Refined Steel Mouse","Ergonomic executive chair upholstered in bonded black leather and PVC padded seat and back for all-day comfort and support","1962","MA15+","7","Horror,Mystery","Equatorial Guinea","30"
"40","Intelligent Concrete Chair","The slim & simple Maple Gaming Keyboard from Dev Byte comes with a sleek body and 7- Color RGB LED Back-lighting for smart functionality","1943","X18","198","Sci-Fi,Mystery,Thriller","Gambia","19"
"41","Handcrafted Wooden Ball","Ergonomic executive chair upholstered in bonded black leather and PVC padded seat and back for all-day comfort and support","1939","U","518","Mystery,Thriller","Bahrain","43"
"42","Unbranded Cotton Ball","The automobile layout consists of a front-engine design, with transaxle-type transmissions mounted at the rear of the engine and four wheel drive","2012","E","569","Drama,Thriller,Comedy","Saint Lucia","1"
"43","Generic Metal Cheese","Andy shoes are designed to keeping in mind durability as well as trends, the most stylish range of shoes & sandals","1959","U","70","Mystery,Drama","Mozambique","35"
"44","Modern Metal Bacon","Boston's most advanced compression wear technology increases muscle oxygenation, stabilizes active muscles","2003","18R","189","Thriller,Sci-Fi,Mystery","Albania","44"
"45","Small Bronze Towels","The Football Is Good For Training And Recreational Purposes","2008","R21","556","Adventure","Turks and Caicos Islands","9"
"46","Fantastic Frozen Salad","Carbonite web goalkeeper gloves are ergonomically designed to give easy fit","1901","18R","401","Action,Mystery,Adventure","China","35"
"47","Bespoke Concrete Shirt","The beautiful range of Apple Naturalé that has an exciting mix of natural ingredients. With the Goodness of 100% Natural Ingredients","1940","PG","84","Sci-Fi,Thriller","Australia","27"
"48","Rustic Rubber Hat","New ABC 13 9370, 13.3, 5th Gen CoreA5-8250U, 8GB RAM, 256GB SSD, power UHD Graphics, OS 10 Home, OS Office A & J 2016","2007","X18","305","Mystery,Action,Horror","Turkey","41"
"49","Unbranded Steel Shirt","Ergonomic executive chair upholstered in bonded black leather and PVC padded seat and back for all-day comfort and support","1978","G","124","Mystery,Comedy","Peru","17"
"50","Practical Plastic Computer","Carbonite web goalkeeper gloves are ergonomically designed to give easy fit","1950","12","106","Horror,Thriller,Documentary","North Macedonia","9"
"51","Ergonomic Plastic Gloves","New range of formal shirts are designed keeping you in mind. With fits and styling that will make you stand apart","1985","TV-G","204","Drama,Sci-Fi,Thriller","Norfolk Island","29"
"52","Generic Bronze Hat","New ABC 13 9370, 13.3, 5th Gen CoreA5-8250U, 8GB RAM, 256GB SSD, power UHD Graphics, OS 10 Home, OS Office A & J 2016","1964","TV-MA","59","Drama,Action","Saint Vincent and the Grenadines","49"
"53","Handcrafted Concrete Pizza","Andy shoes are designed to keeping in mind durability as well as trends, the most stylish range of shoes & sandals","1912","U","28","Mystery,Comedy,Sci-Fi","Turkmenistan","6"
"54","Handmade Wooden Mouse","The Football Is Good For Training And Recreational Purposes","1937","12","370","Comedy,Action,Drama","Finland","46"
"55","Practical Rubber Tuna","The slim & simple Maple Gaming Keyboard from Dev Byte comes with a sleek body and 7- Color RGB LED Back-lighting for smart functionality","1972","MA15+","417","Thriller,Drama,Comedy","Holy See (Vatican City State)","25"
"56","Gorgeous Bronze Mouse","Boston's most advanced compression wear technology increases muscle oxygenation, stabilizes active muscles","2008","X18","365","Horror,Comedy","Slovenia","24"
"57","Electronic Frozen Chips","Ergonomic executive chair upholstered in bonded black leather and PVC padded seat and back for all-day comfort and support","1912","M/PG","339","Comedy,Mystery,Horror","Djibouti","37"
"58","Sleek Bronze Shoes","Boston's most advanced compression wear technology increases muscle oxygenation, stabilizes active muscles","1984","C","82","Mystery,Horror","Nauru","44"
"59","Recycled Cotton Mouse","Carbonite web goalkeeper gloves are ergonomically designed to give easy fit","2000","TV-G","581","Action,Adventure","Angola","23"
"60","Gorgeous Soft Salad","New range of formal shirts are designed keeping you in mind. With fits and styling that will make you stand apart","1926","12","361","Horror,Action,Mystery","Jamaica","27"
"61","Intelligent Soft Mouse","The Nagasaki Lander is the trademarked name of several series of Nagasaki sport bikes, that started with the 1984 ABC800J","1916","R","119","Adventure","French Guiana","7"
"62","Oriental Fresh Soap","Andy shoes are designed to keeping in mind durability as well as trends, the most stylish range of shoes & sandals","1913","R","28","Action,Comedy","Papua New Guinea","32"
"63","Handcrafted Fresh Ball","The beautiful range of Apple Naturalé that has an exciting mix of natural ingredients. With the Goodness of 100% Natural Ingredients","1992","6","510","Action,Mystery,Drama","Libyan Arab Jamahiriya","42"
"64","Refined Soft Shoes","The Apollotech B340 is an affordable wireless mouse with reliable connectivity, 12 months battery life and modern design","2002","18","480","Drama","Mauritius","18"
"65","Oriental Metal Pizza","Andy shoes are designed to keeping in mind durability as well as trends, the most stylish range of shoes & sandals","1977","TV-G","344","Sci-Fi,Adventure,Horror","North Macedonia","18"
"66","Electronic Bronze Keyboard","New range of formal shirts are designed keeping you in mind. With fits and styling that will make you stand apart","2001","NC-17","271","Thriller","Antigua and Barbuda","41"
"67","Gorgeous Frozen Computer","The Apollotech B340 is an affordable wireless mouse with reliable connectivity, 12 months battery life and modern design","1902","R","551","Drama,Sci-Fi","Curacao","36"
"68","Handcrafted Soft Sausages","Ergonomic executive chair upholstered in bonded black leather and PVC padded seat and back for all-day comfort and support","1922","12A","58","Comedy,Sci-Fi","Cayman Islands","30"
"69","Intelligent Cotton Gloves","The Apollotech B340 is an affordable wireless mouse with reliable connectivity, 12 months battery life and modern design","1947","15","216","Adventure,Horror,Action","Kyrgyz Republic","7"
"70","Modern Wooden Keyboard","New range of formal shirts are designed keeping you in mind. With fits and styling that will make you stand apart","1961","G","517","Thriller","Ethiopia","8"
"71","Practical Metal Fish","Boston's most advanced compression wear technology increases muscle oxygenation, stabilizes active muscles","1942","NC-17","266","Adventure,Documentary","Eswatini","15"
"72","Small Bronze Ball","The slim & simple Maple Gaming Keyboard from Dev Byte comes with a sleek body and 7- Color RGB LED Back-lighting for smart functionality","2013","R16","388","Documentary","Sierra Leone","14"
"73","Elegant Wooden Fish","The beautiful range of Apple Naturalé that has an exciting mix of natural ingredients. With the Goodness of 100% Natural Ingredients","1915","15","458","Mystery,Sci-Fi,Action","Brazil","10"
"74","Generic Soft Bike","New ABC 13 9370, 13.3, 5th Gen CoreA5-8250U, 8GB RAM, 256GB SSD, power UHD Graphics, OS 10 Home, OS Office A & J 2016","1942","A","384","Thriller,Documentary","Saint Pierre and Miquelon","1"
"75","Incredible Plastic Towels","The Apollotech B340 is an affordable wireless mouse with reliable connectivity, 12 months battery life and modern design","1977","PG-13","171","Documentary","United States Minor Outlying Islands","11"
"76","Practical Steel Gloves","The Apollotech B340 is an affordable wireless mouse with reliable connectivity, 12 months battery life and modern design","1922","18","207","Drama,Mystery,Thriller","Russian Federation","21"
"77","Modern Cotton Chips","New range of formal shirts are designed keeping you in mind. With fits and styling that will make you stand apart","1948","G","226","Mystery","United States of America","22"
"78","Licensed Frozen Soap","Andy shoes are designed to keeping in mind durability as well as trends, the most stylish range of shoes & sandals","1972","6","199","Mystery","Sweden","17"
"79","Generic Frozen Table","New range of formal shirts are designed keeping you in mind. With fits and styling that will make you stand apart","1912","A","242","Sci-Fi,Drama,Horror","Angola","10"
"80","Licensed Plastic Towels","Boston's most advanced compression wear technology increases muscle oxygenation, stabilizes active muscles","1904","R18+","358","Drama,Thriller,Comedy","Palestine","35"
"81","Awesome Metal Soap","The Nagasaki Lander is the trademarked name of several series of Nagasaki sport bikes, that started with the 1984 ABC800J","1919","E10+","501","Action","Thailand","5"
"82","Incredible Cotton Chips","The Apollotech B340 is an affordable wireless mouse with reliable connectivity, 12 months battery life and modern design","1995","M/PG","334","Drama,Adventure","El Salvador","24"
"83","Licensed Bronze Chips","Andy shoes are designed to keeping in mind durability as well as trends, the most stylish range of shoes & sandals","1953","R16","173","Documentary,Drama,Adventure","Comoros","12"
"84","Sleek Rubber Pizza","The beautiful range of Apple Naturalé that has an exciting mix of natural ingredients. With the Goodness of 100% Natural Ingredients","1991","A","220","Drama,Action,Mystery","French Polynesia","15"
"85","Recycled Steel Chips","The automobile layout consists of a front-engine design, with transaxle-type transmissions mounted at the rear of the engine and four wheel drive","2015","18R","222","Horror,Adventure","Sweden","15"
"86","Ergonomic Granite Bacon","New range of formal shirts are designed keeping you in mind. With fits and styling that will make you stand apart","2003","U/A","206","Horror","Mongolia","46"
"87","Recycled Cotton Tuna","Andy shoes are designed to keeping in mind durability as well as trends, the most stylish range of shoes & sandals","1952","G","471","Mystery,Drama,Horror","Czechia","25"
"88","Rustic Wooden Tuna","New ABC 13 9370, 13.3, 5th Gen CoreA5-8250U, 8GB RAM, 256GB SSD, power UHD Graphics, OS 10 Home, OS Office A & J 2016","2017","PG","163","Action,Mystery","Philippines","15"
"89","Elegant Metal Bacon","The Apollotech B340 is an affordable wireless mouse with reliable connectivity, 12 months battery life and modern design","1937","TV-14","20","Thriller,Adventure,Comedy","Fiji","36"
"90","Fantastic Concrete Soap","The beautiful range of Apple Naturalé that has an exciting mix of natural ingredients. With the Goodness of 100% Natural Ingredients","1951","U/A","465","Adventure,Drama","Namibia","11"
"91","Oriental Wooden Shoes","The Nagasaki Lander is the trademarked name of several series of Nagasaki sport bikes, that started with the 1984 ABC800J","2006","AL","263","Horror,Action,Mystery","Cote d'Ivoire","27"
"92","Refined Fresh Gloves","The beautiful range of Apple Naturalé that has an exciting mix of natural ingredients. With the Goodness of 100% Natural Ingredients","1924","9","255","Comedy,Action,Adventure","Azerbaijan","22"
"93","Small Wooden Salad","Boston's most advanced compression wear technology increases muscle oxygenation, stabilizes active muscles","1910","TV-Y7","61","Adventure,Action","Denmark","2"
"94","Refined Metal Bacon","The Nagasaki Lander is the trademarked name of several series of Nagasaki sport bikes, that started with the 1984 ABC800J","1980","12A","570","Mystery","Netherlands","26"
"95","Sleek Granite Gloves","The beautiful range of Apple Naturalé that has an exciting mix of natural ingredients. With the Goodness of 100% Natural Ingredients","1912","MA15+","49","Adventure,Mystery","Lebanon","46"
"96","Recycled Concrete Bike","The Football Is Good For Training And Recreational Purposes","1992","NC-17","600","Documentary","Virgin Islands, U.S.","11"
"97","Elegant Wooden Sausages","The beautiful range of Apple Naturalé that has an exciting mix of natural ingredients. With the Goodness of 100% Natural Ingredients","2005","TV-Y","23","Documentary,Adventure,Drama","Croatia","44"
"98","Fantastic Wooden Soap","The slim & simple Maple Gaming Keyboard from Dev Byte comes with a sleek body and 7- Color RGB LED Back-lighting for smart functionality","1991","PG-13","225","Action","Cyprus","45"
"99","Handcrafted Steel Computer","The beautiful range of Apple Naturalé that has an exciting mix of natural ingredients. With the Goodness of 100% Natural Ingredients","1943","TV-Y7","569","Sci-Fi,Action","Malaysia","38"
"100","Refined Wooden Shoes","The slim & simple Maple Gaming Keyboard from Dev Byte comes with a sleek body and 7- Color RGB LED Back-lighting for smart functionality","1929","G","126","Adventure","Hong Kong","29"
"101","Incredible Rubber Pants","The Nagasaki Lander is the trademarked name of several series of Nagasaki sport bikes, that started with the 1984 ABC800J","1989","A","222","Horror,Comedy,Sci-Fi","Colombia","16"
"102","Sleek Metal Gloves","Andy shoes are designed to keeping in mind durability as well as trends, the most stylish range of shoes & sandals","1903","TV-PG","166","Documentary,Action","Egypt","26"
"103","Handmade Bronze Shirt","The beautiful range of Apple Naturalé that has an exciting mix of natural ingredients. With the Goodness of 100% Natural Ingredients","2001","R21","96","Action,Sci-Fi","Austria","4"
"104","Luxurious Wooden Tuna","New range of formal shirts are designed keeping you in mind. With fits and styling that will make you stand apart","2021","18R","374","Thriller,Action,Comedy","Lebanon","17"
"105","Intelligent Frozen Fish","The slim & simple Maple Gaming Keyboard from Dev Byte comes with a sleek body and 7- Color RGB LED Back-lighting for smart functionality","1970","18R","473","Thriller","Algeria","15"
"106","Unbranded Metal Chicken","Andy shoes are designed to keeping in mind durability as well as trends, the most stylish range of shoes & sandals","1943","GP","427","Drama","Dominican Republic","38"
"107","Unbranded Plastic Ball","Ergonomic executive chair upholstered in bonded black leather and PVC padded seat and back for all-day comfort and support","1965","R16","464","Adventure,Action","Romania","21"
"108","Electronic Granite Bike","The Nagasaki Lander is the trademarked name of several series of Nagasaki sport bikes, that started with the 1984 ABC800J","1972","TV-MA","170","Horror","Virgin Islands, U.S.","33"
"109","Incredible Wooden Pizza","The Nagasaki Lander is the trademarked name of several series of Nagasaki sport bikes, that started with the 1984 ABC800J","1994","X18","87","Comedy,Action","French Southern Territories","30"
"110","Tasty Wooden Gloves","Boston's most advanced compression wear technology increases muscle oxygenation, stabilizes active muscles","1978","EC","28","Drama,Horror,Documentary","Latvia","37"
"111","Awesome Steel Pants","Carbonite web goalkeeper gloves are ergonomically designed to give easy fit","1963","CA","101","Comedy,Mystery","Bonaire, Sint Eustatius and Saba","24"
"112","Recycled Cotton Table","Andy shoes are designed to keeping in mind durability as well as trends, the most stylish range of shoes & sandals","1935","TV-Y7","251","Drama,Adventure,Comedy","Cambodia","46"
"113","Licensed Metal Ball","The slim & simple Maple Gaming Keyboard from Dev Byte comes with a sleek body and 7- Color RGB LED Back-lighting for smart functionality","1938","TV-G","122","Documentary,Thriller","Gambia","36"
"114","Sleek Metal Chips","The Nagasaki Lander is the trademarked name of several series of Nagasaki sport bikes, that started with the 1984 ABC800J","2006","R18","475","Thriller","Algeria","38"
"115","Rustic Bronze Fish","New range of formal shirts are designed keeping you in mind. With fits and styling that will make you stand apart","1923","TV-14","232","Action","Gabon","14"
"116","Handmade Bronze Fish","New ABC 13 9370, 13.3, 5th Gen CoreA5-8250U, 8GB RAM, 256GB SSD, power UHD Graphics, OS 10 Home, OS Office A & J 2016","1950","C","69","Drama,Thriller,Mystery","Fiji","20"
"117","Recycled Bronze Sausages","Carbonite web goalkeeper gloves are ergonomically designed to give easy fit","1941","R18+","37","Action,Comedy,Drama","Argentina","27"
"118","Licensed Steel Towels","New ABC 13 9370, 13.3, 5th Gen CoreA5-8250U, 8GB RAM, 256GB SSD, power UHD Graphics, OS 10 Home, OS Office A & J 2016","1921","TV-Y7","275","Documentary,Action","Pitcairn Islands","11"
"119","Fantastic Frozen Table","The Apollotech B340 is an affordable wireless mouse with reliable connectivity, 12 months battery life and modern design","1928","G","76","Documentary","Poland","41"
"120","Handmade Steel Tuna","The slim & simple Maple Gaming Keyboard from Dev Byte comes with a sleek body and 7- Color RGB LED Back-lighting for smart functionality","1937","R","586","Mystery","Ghana","15"
"-1","Generic Granite Fish","-1","2001","undefined","485","Thriller,Comedy","Holy See (Vatican City State)","20"
"-1","Generic Steel Pants","New range of formal shirts are designed keeping you in mind. With fits and styling that will make you stand apart","1908","S","-1","Action,Sci-Fi,Documentary","Palau","2"
"-10000","undefined","Andy shoes are designed to keeping in mind durability as well as trends, the most stylish range of shoes & sandals","2019","true","186","Horror,Adventure,Drama","Bhutan","-100"
"-1","Small Soft Salad","The Apollotech B340 is an affordable wireless mouse with reliable connectivity, 12 months battery life and modern design","1962","R","233","-100","Bonaire, Sint Eustatius and Saba","null"
"-10000","true","-221","1957","NC-17","321","Adventure,Sci-Fi,Action","Mongolia","17"
"-10000","Recycled Cotton Pants","The slim & simple Maple Gaming Keyboard from Dev Byte comes with a sleek body and 7- Color RGB LED Back-lighting for smart functionality","1993","E10+","534","Documentary,Mystery","Nepal","24"
"true","-10000","Carbonite web goalkeeper gloves are ergonomically designed to give easy fit","1978","12","442","-1","Argentina","43"
"true","Handmade Concrete Gloves","Carbonite web goalkeeper gloves are ergonomically designed to give easy fit","1904","R","226","Documentary","Serbia","null"
"-1","Generic Soft Shirt","-1","2002","-10000","false","-100","Paraguay","31"
"undefined","Sleek Granite Chicken","New range of formal shirts are designed keeping you in mind. With fits and styling that will make you stand apart","1925","EC","508","Sci-Fi,Drama","Saint Martin","14"
"-1","Gorgeous Metal Chair","The automobile layout consists of a front-engine design, with transaxle-type transmissions mounted at the rear of the engine and four wheel drive","1984","G","","false","Taiwan","25"
"undefined","Bespoke Wooden Table","The Nagasaki Lander is the trademarked name of several series of Nagasaki sport bikes, that started with the 1984 ABC800J","1911","R18+","-1","Comedy,Action,Sci-Fi","-10000","25"
"null","Licensed Frozen Hat","The Apollotech B340 is an affordable wireless mouse with reliable connectivity, 12 months battery life and modern design","2017","TV-14","411","Mystery,Action","-10000","42"
"-1","Small Wooden Towels","New range of formal shirts are designed keeping you in mind. With fits and styling that will make you stand apart","2019","T","423","Action,Comedy","Saint Helena","15"
"-10000","Awesome Frozen Cheese","","2021","A","514","Comedy,Drama,Horror","Guam","31"
"-1","-10000","undefined","1943","NC-17","467","false","Algeria","46"
"-221","-221","Ergonomic executive chair upholstered in bonded black leather and PVC padded seat and back for all-day comfort and support","1916","TV-G","","Horror,Sci-Fi","-221","15"
"false","Ergonomic Concrete Bacon","The automobile layout consists of a front-engine design, with transaxle-type transmissions mounted at the rear of the engine and four wheel drive","1953","U/A","88","Adventure","Afghanistan","11"
"false","Luxurious Cotton Fish","The Football Is Good For Training And Recreational Purposes","1996","R","-221","Sci-Fi","Singapore","12"
"null","Licensed Soft Gloves","The beautiful range of Apple Naturalé that has an exciting mix of natural ingredients. With the Goodness of 100% Natural Ingredients","1903","G","true","Adventure,Drama,Comedy","Togo","undefined"
"true","Awesome Fresh Mouse","New range of formal shirts are designed keeping you in mind. With fits and styling that will make you stand apart","1952","NC-17","506","Action,Thriller,Sci-Fi","New Caledonia","28"
"-221","Recycled Fresh Ball","The Nagasaki Lander is the trademarked name of several series of Nagasaki sport bikes, that started with the 1984 ABC800J","1925","true","201","Sci-Fi,Documentary,Drama","Singapore","44"
"-221","-221","Carbonite web goalkeeper gloves are ergonomically designed to give easy fit","1996","TV-MA","62","Thriller","Cote d'Ivoire","40"
"-1","Ergonomic Wooden Bike","","-100","false","489","Thriller,Sci-Fi,Horror","Virgin Islands, U.S.","-10000"
"-1","Handcrafted Soft Gloves","Ergonomic executive chair upholstered in bonded black leather and PVC padded seat and back for all-day comfort and support","1918","-100","187","Sci-Fi,Comedy,Action","French Southern Territories","27"
"-1","Sleek Cotton Salad","New range of formal shirts are designed keeping you in mind. With fits and styling that will make you stand apart","-10000","TV-Y","245","false,","Mauritania","37"
"undefined","Luxurious Steel Gloves","New range of formal shirts are designed keeping you in mind. With fits and styling that will make you stand apart","2010","","49","Mystery,Documentary","United States Minor Outlying Islands","47"
"-10000","Incredible Frozen Computer","Ergonomic executive chair upholstered in bonded black leather and PVC padded seat and back for all-day comfort and support","3213","E","328","Thriller,Sci-Fi,Horror","Cyprus","11"
"-100","Handmade Soft Car","The automobile layout consists of a front-engine design, with transaxle-type transmissions mounted at the rear of the engine and four wheel drive","1991","S","519","Adventure","Mongolia","42"
"false","Recycled Bronze Bike","-1","undefined","TV-Y7","278","Action,Thriller,Comedy","Guinea-Bissau","-1"
"-10000","Refined Plastic Cheese","New range of formal shirts are designed keeping you in mind. With fits and styling that will make you stand apart","1915","PG","null","Documentary,Horror,Mystery","Zimbabwe","34"
"-221","Oriental Bronze Table","The Nagasaki Lander is the trademarked name of several series of Nagasaki sport bikes, that started with the 1984 ABC800J","2300","TV-Y7","53","Documentary","Czechia","23"
"-1","Luxurious Wooden Sausages","New range of formal shirts are designed keeping you in mind. With fits and styling that will make you stand apart","1970","-221","483","Sci-Fi","Mali","-100"
"-221","Refined Plastic Pizza","-10000","-1","R18","undefined","Sci-Fi,Action,Adventure","-100","18"
"-221","Intelligent Bronze Chicken","-10000","1983","MA15+","440","Comedy,Documentary,Mystery","Switzerland",""
"-1","-10000","-221","-10000","G","393","Thriller","Equatorial Guinea","35"
"null","Awesome Rubber Towels","Andy shoes are designed to keeping in mind durability as well as trends, the most stylish range of shoes & sandals","2030","false","506","Adventure,Sci-Fi","Saint Martin","8"
"false","Licensed Steel Ball","-100","1950","12","557","Comedy,Adventure,Documentary","Seychelles","10"
"-10000","Ergonomic Concrete Bike","Andy shoes are designed to keeping in mind durability as well as trends, the most stylish range of shoes & sandals","2017","18R","163",",-221,-10000","French Polynesia","39"
"-1","Unbranded Cotton Keyboard","The Nagasaki Lander is the trademarked name of several series of Nagasaki sport bikes, that started with the 1984 ABC800J","1985","12","20","Mystery,Comedy,Thriller","Faroe Islands","-100"
"-1","Unbranded Rubber Shoes","Ergonomic executive chair upholstered in bonded black leather and PVC padded seat and back for all-day comfort and support","-1","C","-10000",",true","Isle of Man","43"
"-1","Gorgeous Concrete Soap","Carbonite web goalkeeper gloves are ergonomically designed to give easy fit","1955","R18+","415","Adventure","Cambodia","35"
"null","Electronic Metal Keyboard","-10000","2008","TV-PG","593","Action","Bulgaria","28"
"-10000","Oriental Wooden Shoes","The automobile layout consists of a front-engine design, with transaxle-type transmissions mounted at the rear of the engine and four wheel drive","2004","CA","","Adventure,Sci-Fi","undefined","13"
"-1","Generic Fresh Shirt","The Apollotech B340 is an affordable wireless mouse with reliable connectivity, 12 months battery life and modern design","1957","U","368","Comedy,Drama,Action","Niue","22"
